pd,pdfs
file1000061.h5,file1002049.h5
file1000041.h5,file1000591.h5
file1002276.h5,file1000777.h5
file1001528.h5,file1000285.h5
file1002526.h5,file1000344.h5
file1001585.h5,file1000858.h5
file1001148.h5,file1001825.h5
file1001079.h5,file1001875.h5
file1002534.h5,file1001858.h5
file1000116.h5,file1000632.h5
file1001999.h5,file1000115.h5
file1001436.h5,file1000653.h5
file1001362.h5,file1000509.h5
file1001067.h5,file1001956.h5
file1001671.h5,file1001106.h5
file1001692.h5,file1002352.h5
file1002532.h5,file1001048.h5
file1001695.h5,file1002076.h5
file1000605.h5,file1000691.h5
file1001666.h5,file1001773.h5
file1000801.h5,file1002545.h5
file1002485.h5,file1001855.h5
file1002517.h5,file1001340.h5
file1001353.h5,file1002549.h5
file1001906.h5,file1000969.h5
file1002130.h5,file1002041.h5
file1000182.h5,file1001968.h5
file1000336.h5,file1000211.h5
file1000342.h5,file1002169.h5
file1000315.h5,file1002499.h5
file1000300.h5,file1002211.h5
file1000374.h5,file1001765.h5
file1000537.h5,file1001533.h5
file1001092.h5,file1000138.h5
file1000290.h5,file1000338.h5
file1001288.h5,file1000408.h5
file1002014.h5,file1001109.h5
file1000031.h5,file1000201.h5
file1000410.h5,file1001358.h5
file1001767.h5,file1000760.h5
file1000089.h5,file1000326.h5
file1002238.h5,file1001094.h5
file1000988.h5,file1000973.h5
file1002273.h5,file1000481.h5
file1001908.h5,file1000752.h5
file1002022.h5,file1001979.h5
file1000010.h5,file1000535.h5
file1000587.h5,file1002521.h5
file1000191.h5,file1002127.h5
file1000301.h5,file1001455.h5
file1002303.h5,file1000173.h5
file1001737.h5,file1001141.h5
file1000817.h5,file1002155.h5
file1000073.h5,file1001499.h5
file1001513.h5,file1000250.h5
file1002397.h5,file1000592.h5
file1001320.h5,file1001948.h5
file1002113.h5,file1000738.h5
file1002561.h5,file1001475.h5
file1000558.h5,file1000100.h5
file1001170.h5,file1001090.h5
file1002062.h5,file1002171.h5
file1001348.h5,file1002055.h5
file1000021.h5,file1000560.h5
file1000172.h5,file1002054.h5
file1000627.h5,file1000161.h5
file1001867.h5,file1002086.h5
file1000111.h5,file1001189.h5
file1001061.h5,file1000233.h5
file1002201.h5,file1001228.h5
file1000806.h5,file1001130.h5
file1000371.h5,file1000159.h5
file1001096.h5,file1001997.h5
file1001944.h5,file1002335.h5
file1001276.h5,file1000424.h5
file1001750.h5,file1000057.h5
file1001732.h5,file1002541.h5
file1000833.h5,file1000615.h5
file1002383.h5,file1001176.h5
file1001350.h5,file1001791.h5
file1000582.h5,file1001491.h5
file1002024.h5,file1002379.h5
file1001139.h5,file1002544.h5
file1002537.h5,file1000317.h5
file1002269.h5,file1001220.h5
file1000715.h5,file1001099.h5
file1000401.h5,file1001582.h5
file1002274.h5,file1002515.h5
file1001506.h5,file1001955.h5
file1001564.h5,file1001024.h5
file1001568.h5,file1002343.h5
file1002099.h5,file1002056.h5
file1002388.h5,file1000204.h5
file1002396.h5,file1002461.h5
file1002374.h5,file1001778.h5
file1002416.h5,file1000695.h5
file1002187.h5,file1001862.h5
file1000084.h5,file1002074.h5
file1001244.h5,file1001154.h5
file1001605.h5,file1000927.h5
file1001613.h5,file1002087.h5
file1002425.h5,file1001891.h5
file1000635.h5,file1002389.h5
file1001381.h5,file1001119.h5
file1000490.h5,file1000123.h5
file1001360.h5,file1002478.h5
file1002304.h5,file1000221.h5
file1000277.h5,file1001429.h5
file1001116.h5,file1000883.h5
file1002252.h5,file1001440.h5
file1001219.h5,file1000480.h5
file1001444.h5,file1000942.h5
file1002189.h5,file1001432.h5
file1002500.h5,file1001919.h5
file1000925.h5,file1001480.h5
file1001309.h5,file1000848.h5
file1000693.h5,file1001945.h5
file1001561.h5,file1001114.h5
file1001198.h5,file1000205.h5
file1001707.h5,file1000517.h5
file1000626.h5,file1001623.h5
file1001941.h5,file1000376.h5
file1000289.h5,file1000585.h5
file1000069.h5,file1000510.h5
file1000045.h5,file1001616.h5
file1000477.h5,file1000280.h5
file1000389.h5,file1001643.h5
file1000970.h5,file1002139.h5
file1002241.h5,file1000237.h5
file1000617.h5,file1000060.h5
file1001184.h5,file1001655.h5
file1000842.h5,file1000114.h5
file1002229.h5,file1000959.h5
file1000821.h5,file1001588.h5
file1000851.h5,file1001014.h5
file1001650.h5,file1002002.h5
file1001992.h5,file1002456.h5
file1001206.h5,file1000983.h5
file1000153.h5,file1000292.h5
file1001580.h5,file1002307.h5
file1001458.h5,file1001566.h5
file1000306.h5,file1001277.h5
file1001295.h5,file1001355.h5
file1000754.h5,file1002208.h5
file1002570.h5,file1001726.h5
file1000350.h5,file1000748.h5
file1001953.h5,file1002175.h5
file1002097.h5,file1001210.h5
file1002315.h5,file1001523.h5
file1000331.h5,file1001849.h5
file1001632.h5,file1001008.h5
file1000891.h5,file1001275.h5
file1000086.h5,file1000501.h5
file1002123.h5,file1001235.h5
file1002090.h5,file1002431.h5
file1000467.h5,file1001246.h5
file1001372.h5,file1000561.h5
file1002381.h5,file1001401.h5
file1000003.h5,file1001922.h5
file1001668.h5,file1001689.h5
file1000504.h5,file1001627.h5
file1001989.h5,file1001949.h5
file1001287.h5,file1000275.h5
file1001410.h5,file1000223.h5
file1001805.h5,file1000638.h5
file1002287.h5,file1001770.h5
file1002035.h5,file1002380.h5
file1000071.h5,file1000206.h5
file1002342.h5,file1001319.h5
file1001036.h5,file1000210.h5
file1001742.h5,file1002371.h5
file1001572.h5,file1002262.h5
file1002430.h5,file1001969.h5
file1001169.h5,file1001373.h5
file1002264.h5,file1000148.h5
file1000383.h5,file1000307.h5
file1001628.h5,file1002366.h5
file1001816.h5,file1000941.h5
file1002221.h5,file1000569.h5
file1000381.h5,file1000880.h5
file1000308.h5,file1000247.h5
file1002359.h5,file1001599.h5
file1002194.h5,file1000179.h5
file1000107.h5,file1000026.h5
file1000492.h5,file1001239.h5
file1001379.h5,file1001688.h5
file1002071.h5,file1001425.h5
file1000117.h5,file1000740.h5
file1001422.h5,file1000612.h5
file1002474.h5,file1002563.h5
file1001701.h5,file1001402.h5
file1000827.h5,file1000814.h5
file1001221.h5,file1000818.h5
file1001977.h5,file1002404.h5
file1001298.h5,file1002145.h5
file1001087.h5,file1001300.h5
file1002170.h5,file1001226.h5
file1002038.h5,file1002475.h5
file1000661.h5,file1000658.h5
file1002399.h5,file1001500.h5
file1000365.h5,file1000351.h5
file1002422.h5,file1000248.h5
file1001993.h5,file1001110.h5
file1000339.h5,file1000554.h5
file1000807.h5,file1002334.h5
file1000126.h5,file1000254.h5
file1002382.h5,file1001651.h5
file1001571.h5,file1002001.h5
file1002286.h5,file1000066.h5
file1001266.h5,file1001327.h5
file1002128.h5,file1000167.h5
file1001550.h5,file1002246.h5
file1001520.h5,file1002481.h5
file1001730.h5,file1000514.h5
file1001421.h5,file1000597.h5
file1000499.h5,file1002063.h5
file1001498.h5,file1002568.h5
file1001854.h5,file1002042.h5
file1001395.h5,file1001685.h5
file1002153.h5,file1000876.h5
file1002434.h5,file1001387.h5
file1000323.h5,file1002538.h5
file1001731.h5,file1001190.h5
file1001200.h5,file1000931.h5
file1000755.h5,file1001296.h5
file1000188.h5,file1001286.h5
file1001965.h5,file1000311.h5
file1000324.h5,file1000590.h5
file1001617.h5,file1001445.h5
file1001698.h5,file1002491.h5
file1000109.h5,file1000143.h5
file1001598.h5,file1001557.h5
file1001673.h5,file1000508.h5
file1001721.h5,file1001328.h5
file1000995.h5,file1001870.h5
file1000058.h5,file1002449.h5
file1000390.h5,file1000518.h5
file1000850.h5,file1001942.h5
file1001468.h5,file1002115.h5
file1000955.h5,file1000340.h5
file1001007.h5,file1001027.h5
file1000552.h5,file1000647.h5
file1000904.h5,file1001713.h5
file1002356.h5,file1002064.h5
file1002476.h5,file1000689.h5
file1001185.h5,file1000874.h5
file1002296.h5,file1002117.h5
file1001126.h5,file1002340.h5
file1001470.h5,file1000181.h5
file1000296.h5,file1000065.h5
file1002034.h5,file1001986.h5
file1001057.h5,file1002436.h5
file1001465.h5,file1002078.h5
file1000216.h5,file1001082.h5
file1000149.h5,file1001985.h5
file1001256.h5,file1001503.h5
file1001033.h5,file1000611.h5
file1001216.h5,file1002107.h5
file1001108.h5,file1002228.h5
file1000734.h5,file1001810.h5
file1000131.h5,file1001526.h5
file1001847.h5,file1001546.h5
file1000974.h5,file1002098.h5
file1001122.h5,file1001703.h5
file1001995.h5,file1002412.h5
file1001084.h5,file1000865.h5
file1001229.h5,file1001630.h5
file1002280.h5,file1001818.h5
file1002473.h5,file1001388.h5
file1002351.h5,file1002451.h5
file1000728.h5,file1001654.h5
file1000180.h5,file1002045.h5
file1001104.h5,file1001798.h5
file1000976.h5,file1000990.h5
file1001494.h5,file1000070.h5
file1000426.h5,file1002386.h5
file1000662.h5,file1001478.h5
file1002395.h5,file1001733.h5
file1000871.h5,file1001188.h5
file1001385.h5,file1001758.h5
file1000400.h5,file1000884.h5
file1001001.h5,file1002495.h5
file1002037.h5,file1000403.h5
file1001102.h5,file1000762.h5
file1000043.h5,file1000736.h5
file1000479.h5,file1000120.h5
file1000265.h5,file1001051.h5
file1001748.h5,file1001042.h5
file1001619.h5,file1001342.h5
file1002257.h5,file1000932.h5
file1000449.h5,file1000482.h5
file1000005.h5,file1000448.h5
file1001120.h5,file1001006.h5
file1001331.h5,file1002214.h5
file1001541.h5,file1001708.h5
file1002023.h5,file1001912.h5
file1001077.h5,file1000000.h5
file1001071.h5,file1002266.h5
file1002569.h5,file1000097.h5
file1002462.h5,file1000708.h5
file1002439.h5,file1000177.h5
file1002066.h5,file1002361.h5
file1000709.h5,file1000425.h5
file1001872.h5,file1001294.h5
file1002133.h5,file1001186.h5
file1000768.h5,file1000053.h5
file1002006.h5,file1000790.h5
file1000875.h5,file1002494.h5
file1001147.h5,file1001866.h5
file1000795.h5,file1000452.h5
file1001005.h5,file1001283.h5
file1001777.h5,file1001741.h5
file1002245.h5,file1001310.h5
file1001883.h5,file1000085.h5
file1002244.h5,file1000873.h5
file1001382.h5,file1001806.h5
file1002338.h5,file1001194.h5
file1001694.h5,file1001297.h5
file1001746.h5,file1001642.h5
file1000548.h5,file1001257.h5
file1002368.h5,file1001723.h5
file1000141.h5,file1001745.h5
file1002358.h5,file1001888.h5
file1001823.h5,file1000778.h5
file1000222.h5,file1002095.h5
file1002043.h5,file1002505.h5
file1000259.h5,file1000723.h5
file1001026.h5,file1001003.h5
file1000914.h5,file1000242.h5
file1000432.h5,file1000017.h5
file1002520.h5,file1002409.h5
file1001991.h5,file1000836.h5
file1000493.h5,file1000081.h5
file1000170.h5,file1001832.h5
file1000981.h5,file1000129.h5
file1002441.h5,file1000064.h5
file1002444.h5,file1000743.h5
file1000243.h5,file1001143.h5
file1000831.h5,file1000528.h5
file1000256.h5,file1000475.h5
file1001390.h5,file1002554.h5
file1000660.h5,file1000476.h5
file1002186.h5,file1000863.h5
file1001205.h5,file1002232.h5
file1000485.h5,file1000753.h5
file1000926.h5,file1002067.h5
file1000472.h5,file1000142.h5
file1000193.h5,file1000750.h5
file1000428.h5,file1000859.h5
file1001285.h5,file1001113.h5
file1001304.h5,file1001333.h5
file1002357.h5,file1001973.h5
file1000032.h5,file1000963.h5
file1001759.h5,file1001851.h5
file1001622.h5,file1001710.h5
file1000382.h5,file1002543.h5
file1000314.h5,file1000178.h5
file1001915.h5,file1000088.h5
file1001687.h5,file1001140.h5
file1000427.h5,file1002509.h5
file1000434.h5,file1002195.h5
file1000489.h5,file1001545.h5
file1002239.h5,file1000602.h5
file1001837.h5,file1000637.h5
file1001056.h5,file1000682.h5
file1000794.h5,file1001856.h5
file1002112.h5,file1002256.h5
file1001590.h5,file1000225.h5
